"Stadtteile (9)","Stadtteil","Alter","","evangelisch","römisch-katholisch","sonstige/keine Religion","men","women","deutsch","nichtdeutsch","Deutsch ohne Zuwanderungsgeschichte","Deutsch mit Zuwanderungsgeschichte","nichtdeutsch","Gesamt"

"001","Kernstadt Heilbronn","00","0 Jahre",16,9,631,322,334,532,124,179,353,124,656
"","","01","1 Jahr",48,59,572,339,340,520,159,149,371,159,679
"","","02","2 Jahre",77,58,518,351,302,526,127,169,357,127,653
"","","03","3 Jahre",54,61,468,298,285,450,133,122,328,133,583
"","","04","4 Jahre",71,80,440,319,272,455,136,133,322,136,591
"","","05","5 Jahre",79,72,443,308,286,472,122,138,334,122,594
"","","06","6 Jahre",67,68,397,264,268,419,113,112,307,113,532
"","","07","7 Jahre",98,79,405,293,289,454,128,124,330,128,582
"","","08","8 Jahre",79,67,407,277,276,423,130,126,297,130,553
"","","09","9 Jahre",84,109,395,304,284,447,141,123,324,141,588
"","","10","10 Jahre",96,83,372,284,267,420,131,126,294,131,551
"","","11","11 Jahre",110,83,428,311,310,513,108,158,355,108,621
"","","12","12 Jahre",87,104,397,285,303,473,115,136,337,115,588
"","","13","13 Jahre",116,96,360,286,286,451,121,159,292,121,572
"","","14","14 Jahre",114,80,388,319,263,470,112,140,330,112,582
"","","15","15 Jahre",117,91,379,300,287,454,133,153,301,133,587
"","","16","16 Jahre",120,77,372,289,280,437,132,151,286,132,569
"","","17","17 Jahre",125,102,322,288,261,422,127,162,260,127,549
"","","18","18 Jahre",145,104,382,326,305,481,150,247,234,150,631
"","","19","19 Jahre",151,124,374,344,305,412,237,250,162,237,649
"","","20","20 Jahre",181,150,422,407,346,489,264,310,179,264,753
"","","21","21 Jahre",180,180,470,424,406,487,343,305,182,343,830
"","","22","22 Jahre",207,165,501,461,412,530,343,343,187,343,873
"","","23","23 Jahre",207,171,546,493,431,535,389,354,181,389,924
"","","24","24 Jahre",233,191,562,517,469,551,435,361,190,435,986
"","","25","25 Jahre",224,200,625,562,487,632,417,451,181,417,1.049
"","","26","26 Jahre",230,204,628,566,496,617,445,416,201,445,1.062
"","","27","27 Jahre",229,220,664,619,494,644,469,417,227,469,1.113
"","","28","28 Jahre",220,189,735,625,519,603,541,429,174,541,1.144
"","","29","29 Jahre",201,211,700,617,495,622,490,427,195,490,1.112
"","","30","30 Jahre",201,219,660,604,476,627,453,434,193,453,1.080
"","","31","31 Jahre",215,211,700,609,517,644,482,441,203,482,1.126
"","","32","32 Jahre",185,180,648,537,476,591,422,405,186,422,1.013
"","","33","33 Jahre",172,153,668,546,447,527,466,344,183,466,993
"","","34","34 Jahre",172,175,603,520,430,507,443,333,174,443,950
"","","35","35 Jahre",139,166,558,445,418,460,403,294,166,403,863
"","","36","36 Jahre",167,148,589,485,419,519,385,322,197,385,904
"","","37","37 Jahre",167,154,577,474,424,517,381,313,204,381,898
"","","38","38 Jahre",175,155,588,484,434,512,406,348,164,406,918
"","","39","39 Jahre",126,172,573,460,411,466,405,277,189,405,871
"","","40","40 Jahre",158,146,535,460,379,469,370,275,194,370,839
"","","41","41 Jahre",152,152,523,438,389,452,375,271,181,375,827
"","","42","42 Jahre",133,127,511,399,372,396,375,232,164,375,771
"","","43","43 Jahre",140,133,554,450,377,439,388,279,160,388,827
"","","44","44 Jahre",154,131,533,411,407,426,392,252,174,392,818
"","","45","45 Jahre",142,141,531,449,365,419,395,270,149,395,814
"","","46","46 Jahre",152,149,503,411,393,451,353,288,163,353,804
"","","47","47 Jahre",163,175,492,442,388,485,345,325,160,345,830
"","","48","48 Jahre",169,151,516,442,394,520,316,350,170,316,836
"","","49","49 Jahre",181,156,498,466,369,500,335,344,156,335,835
"","","50","50 Jahre",194,151,508,446,407,536,317,377,159,317,853
"","","51","51 Jahre",195,179,475,432,417,538,311,410,128,311,849
"","","52","52 Jahre",185,157,499,459,382,542,299,404,138,299,841
"","","53","53 Jahre",182,147,504,453,380,538,295,409,129,295,833
"","","54","54 Jahre",206,185,460,441,410,590,261,445,145,261,851
"","","55","55 Jahre",174,190,443,442,365,565,242,431,134,242,807
"","","56","56 Jahre",204,155,400,391,368,541,218,410,131,218,759
"","","57","57 Jahre",230,168,429,416,411,619,208,460,159,208,827
"","","58","58 Jahre",193,158,381,366,366,556,176,400,156,176,732
"","","59","59 Jahre",213,170,390,400,373,590,183,421,169,183,773
"","","60","60 Jahre",211,151,320,340,342,518,164,368,150,164,682
"","","61","61 Jahre",198,125,314,311,326,509,128,363,146,128,637
"","","62","62 Jahre",189,137,307,322,311,489,144,342,147,144,633
"","","63","63 Jahre",186,138,307,320,311,492,139,359,133,139,631
"","","64","64 Jahre",189,134,277,284,316,461,139,321,140,139,600
"","","65","65 Jahre",147,124,275,251,295,425,121,288,137,121,546
"","","66","66 Jahre",189,126,253,266,302,449,119,322,127,119,568
"","","67","67 Jahre",199,112,238,240,309,436,113,316,120,113,549
"","","68","68 Jahre",186,118,248,236,316,429,123,315,114,123,552
"","","69","69 Jahre",190,127,256,260,313,437,136,341,96,136,573
"","","70","70 Jahre",148,128,204,217,263,354,126,301,53,126,480
"","","71","71 Jahre",181,96,196,217,256,359,114,303,56,114,473
"","","72","72 Jahre",169,103,169,203,238,337,104,289,48,104,441
"","","73","73 Jahre",141,87,167,170,225,295,100,236,59,100,395
"","","74","74 Jahre",194,104,194,227,265,399,93,317,82,93,492
"","","75","75 Jahre",179,135,187,206,295,412,89,328,84,89,501
"","","76","76 Jahre",179,96,154,196,233,365,64,296,69,64,429
"","","77","77 Jahre",226,117,172,236,279,435,80,341,94,80,515
"","","78","78 Jahre",272,131,179,248,334,497,85,396,101,85,582
"","","79","79 Jahre",260,134,129,221,302,467,56,394,73,56,523
"","","80","80 Jahre",213,118,148,213,266,418,61,333,85,61,479
"","","81","81 Jahre",219,104,115,177,261,381,57,302,79,57,438
"","","82","82 Jahre",221,95,93,163,246,379,30,298,81,30,409
"","","83","83 Jahre",186,80,70,130,206,310,26,247,63,26,336
"","","84","84 Jahre",141,55,72,110,158,238,30,189,49,30,268
"","","85","85 Jahre",113,67,67,92,155,217,30,172,45,30,247
"","","86","86 Jahre",104,69,40,68,145,192,21,145,47,21,213
"","","87","87 Jahre",107,50,32,61,128,178,11,144,34,11,189
"","","88","88 Jahre",103,38,28,56,113,161,8,135,26,8,169
"","","89","89 Jahre",85,31,26,48,94,136,6,104,32,6,142
"","","90","90 Jahre",95,38,16,52,97,144,5,123,21,5,149
"","","91","91 Jahre",49,32,10,28,63,87,4,70,17,4,91
"","","92","92 Jahre",44,34,15,33,60,92,1,76,16,1,93
"","","93","93 Jahre",40,24,8,10,62,72,"0",62,10,"0",72
"","","94","94 Jahre",38,6,12,16,40,52,4,48,4,4,56
"","","95","95 Jahre",24,16,6,11,35,45,1,41,4,1,46
"","","96","96 Jahre",21,9,3,10,23,33,"0",27,6,"0",33
"","","97","97 Jahre",14,5,2,2,19,21,"0",20,1,"0",21
"","","98","98 Jahre",6,9,2,3,14,16,1,15,1,1,17
"","","99","99 Jahre oder �lter",14,4,3,3,18,21,"0",19,2,"0",21
"","","Summe","",14.875,11.648,35.466,31.433,30.556,42.241,19.748,26.540,15.701,19.748,61.989
"003","B�ckingen","00","0 Jahre",13,11,203,117,110,178,49,58,120,49,227
"","","01","1 Jahr",38,24,206,126,142,225,43,73,152,43,268
"","","02","2 Jahre",35,29,185,119,130,206,43,59,147,43,249
"","","03","3 Jahre",34,16,173,110,113,175,48,43,132,48,223
"","","04","4 Jahre",36,27,150,114,99,170,43,48,122,43,213
"","","05","5 Jahre",45,35,154,118,116,194,40,50,144,40,234
"","","06","6 Jahre",32,37,141,110,100,176,34,47,129,34,210
"","","07","7 Jahre",54,32,129,110,105,168,47,61,107,47,215
"","","08","8 Jahre",28,38,139,100,105,166,39,31,135,39,205
"","","09","9 Jahre",51,32,146,114,115,174,55,43,131,55,229
"","","10","10 Jahre",36,47,137,128,92,180,40,49,131,40,220
"","","11","11 Jahre",40,35,118,94,99,151,42,45,106,42,193
"","","12","12 Jahre",39,44,141,120,104,181,43,42,139,43,224
"","","13","13 Jahre",62,38,118,108,110,185,33,73,112,33,218
"","","14","14 Jahre",42,44,118,99,105,171,33,49,122,33,204
"","","15","15 Jahre",69,35,119,120,103,186,37,61,125,37,223
"","","16","16 Jahre",79,45,130,117,137,209,45,78,131,45,254
"","","17","17 Jahre",56,48,116,105,115,172,48,75,97,48,220
"","","18","18 Jahre",48,47,119,117,97,163,51,83,80,51,214
"","","19","19 Jahre",77,45,136,147,111,174,84,112,62,84,258
"","","20","20 Jahre",68,56,140,153,111,156,108,95,61,108,264
"","","21","21 Jahre",72,61,147,140,140,171,109,115,56,109,280
"","","22","22 Jahre",68,39,125,116,116,151,81,89,62,81,232
"","","23","23 Jahre",71,57,158,154,132,179,107,117,62,107,286
"","","24","24 Jahre",84,45,130,138,121,176,83,114,62,83,259
"","","25","25 Jahre",75,58,179,166,146,187,125,125,62,125,312
"","","26","26 Jahre",73,71,171,165,150,195,120,127,68,120,315
"","","27","27 Jahre",96,80,212,212,176,240,148,162,78,148,388
"","","28","28 Jahre",66,79,222,185,182,214,153,134,80,153,367
"","","29","29 Jahre",90,71,211,196,176,221,151,142,79,151,372
"","","30","30 Jahre",93,80,198,201,170,223,148,134,89,148,371
"","","31","31 Jahre",77,70,194,186,155,199,142,126,73,142,341
"","","32","32 Jahre",77,89,189,190,165,223,132,113,110,132,355
"","","33","33 Jahre",97,62,192,198,153,217,134,124,93,134,351
"","","34","34 Jahre",81,73,182,175,161,206,130,116,90,130,336
"","","35","35 Jahre",65,67,157,152,137,185,104,114,71,104,289
"","","36","36 Jahre",73,68,166,149,158,172,135,83,89,135,307
"","","37","37 Jahre",71,53,189,176,137,175,138,109,66,138,313
"","","38","38 Jahre",71,61,178,167,143,184,126,101,83,126,310
"","","39","39 Jahre",65,68,167,146,154,192,108,99,93,108,300
"","","40","40 Jahre",61,53,166,146,134,162,118,79,83,118,280
"","","41","41 Jahre",57,55,189,163,138,180,121,91,89,121,301
"","","42","42 Jahre",59,56,145,146,114,147,113,88,59,113,260
"","","43","43 Jahre",60,46,174,153,127,159,121,86,73,121,280
"","","44","44 Jahre",54,58,166,139,139,156,122,81,75,122,278
"","","45","45 Jahre",60,58,188,171,135,182,124,105,77,124,306
"","","46","46 Jahre",63,74,171,164,144,190,118,111,79,118,308
"","","47","47 Jahre",82,52,176,155,155,203,107,127,76,107,310
"","","48","48 Jahre",95,72,165,168,164,231,101,142,89,101,332
"","","49","49 Jahre",96,71,180,199,148,214,133,147,67,133,347
"","","50","50 Jahre",84,69,174,174,153,221,106,140,81,106,327
"","","51","51 Jahre",115,91,151,180,177,270,87,190,80,87,357
"","","52","52 Jahre",116,83,149,179,169,270,78,195,75,78,348
"","","53","53 Jahre",98,73,152,170,153,247,76,179,68,76,323
"","","54","54 Jahre",101,73,184,193,165,278,80,204,74,80,358
"","","55","55 Jahre",92,82,162,169,167,269,67,194,75,67,336
"","","56","56 Jahre",109,76,159,174,170,277,67,197,80,67,344
"","","57","57 Jahre",96,71,151,158,160,259,59,174,85,59,318
"","","58","58 Jahre",100,83,166,167,182,282,67,188,94,67,349
"","","59","59 Jahre",97,75,127,151,148,246,53,173,73,53,299
"","","60","60 Jahre",106,80,103,157,132,234,55,138,96,55,289
"","","61","61 Jahre",98,79,125,137,165,252,50,151,101,50,302
"","","62","62 Jahre",90,63,101,116,138,211,43,139,72,43,254
"","","63","63 Jahre",102,67,102,124,147,227,44,142,85,44,271
"","","64","64 Jahre",95,72,89,106,150,212,44,122,90,44,256
"","","65","65 Jahre",90,75,86,109,142,207,44,122,85,44,251
"","","66","66 Jahre",72,66,97,97,138,195,40,121,74,40,235
"","","67","67 Jahre",81,65,81,103,124,192,35,117,75,35,227
"","","68","68 Jahre",83,54,88,104,121,184,41,126,58,41,225
"","","69","69 Jahre",97,51,70,99,119,183,35,131,52,35,218
"","","70","70 Jahre",78,43,69,95,95,157,33,118,39,33,190
"","","71","71 Jahre",78,42,72,106,86,155,37,121,34,37,192
"","","72","72 Jahre",85,41,66,90,102,152,40,137,15,40,192
"","","73","73 Jahre",57,39,43,63,76,116,23,84,32,23,139
"","","74","74 Jahre",74,51,42,81,86,144,23,108,36,23,167
"","","75","75 Jahre",68,41,53,56,106,140,22,103,37,22,162
"","","76","76 Jahre",102,39,54,80,115,170,25,123,47,25,195
"","","77","77 Jahre",111,64,45,88,132,198,22,142,56,22,220
"","","78","78 Jahre",114,68,54,111,125,215,21,159,56,21,236
"","","79","79 Jahre",113,62,58,89,144,215,18,158,57,18,233
"","","80","80 Jahre",130,58,35,90,133,211,12,144,67,12,223
"","","81","81 Jahre",123,58,47,90,138,213,15,148,65,15,228
"","","82","82 Jahre",104,37,30,63,108,164,7,125,39,7,171
"","","83","83 Jahre",91,45,36,71,101,162,10,126,36,10,172
"","","84","84 Jahre",64,37,27,56,72,123,5,89,34,5,128
"","","85","85 Jahre",79,37,28,65,79,135,9,101,34,9,144
"","","86","86 Jahre",60,32,19,34,77,108,3,74,34,3,111
"","","87","87 Jahre",53,25,2,30,50,78,2,52,26,2,80
"","","88","88 Jahre",61,19,12,32,60,89,3,65,24,3,92
"","","89","89 Jahre",33,21,6,24,36,59,1,44,15,1,60
"","","90","90 Jahre",34,20,10,22,42,63,1,44,19,1,64
"","","91","91 Jahre",29,5,6,15,25,40,"0",34,6,"0",40
"","","92","92 Jahre",27,8,6,10,31,41,"0",30,11,"0",41
"","","93","93 Jahre",16,5,"0",3,18,21,"0",13,8,"0",21
"","","94","94 Jahre",11,8,2,3,18,20,1,15,5,1,21
"","","95","95 Jahre",12,4,2,3,15,17,1,16,1,1,18
"","","96","96 Jahre",5,4,2,1,10,11,"0",8,3,"0",11
"","","97","97 Jahre",6,2,"0",5,3,8,"0",7,1,"0",8
"","","98","98 Jahre",5,"0","0","0",5,5,"0",5,"0","0",5
"","","99","99 Jahre oder �lter",2,1,"0",1,2,3,"0",2,1,"0",3
"","","Summe","",6.881,4.976,11.448,11.606,11.699,17.243,6.062,10.114,7.129,6.062,23.305
"004","Neckargartach","00","0 Jahre",5,6,92,57,46,73,30,29,44,30,103
"","","01","1 Jahr",10,7,84,46,55,82,19,24,58,19,101
"","","02","2 Jahre",15,12,82,55,54,82,27,29,53,27,109
"","","03","3 Jahre",15,13,74,51,51,86,16,25,61,16,102
"","","04","4 Jahre",14,15,60,49,40,68,21,27,41,21,89
"","","05","5 Jahre",13,17,74,57,47,79,25,22,57,25,104
"","","06","6 Jahre",20,23,68,58,53,87,24,21,66,24,111
"","","07","7 Jahre",13,8,60,50,31,68,13,23,45,13,81
"","","08","8 Jahre",20,19,67,56,50,86,20,25,61,20,106
"","","09","9 Jahre",22,23,60,54,51,82,23,20,62,23,105
"","","10","10 Jahre",25,13,51,49,40,73,16,22,51,16,89
"","","11","11 Jahre",19,26,59,55,49,79,25,18,61,25,104
"","","12","12 Jahre",24,17,50,44,47,78,13,26,52,13,91
"","","13","13 Jahre",24,21,50,56,39,76,19,19,57,19,95
"","","14","14 Jahre",20,17,48,47,38,66,19,22,44,19,85
"","","15","15 Jahre",29,12,47,45,43,73,15,28,45,15,88
"","","16","16 Jahre",27,14,50,49,42,71,20,25,46,20,91
"","","17","17 Jahre",33,19,57,61,48,93,16,35,58,16,109
"","","18","18 Jahre",25,20,48,57,36,65,28,33,32,28,93
"","","19","19 Jahre",30,19,62,51,60,72,39,46,26,39,111
"","","20","20 Jahre",33,26,51,56,54,75,35,45,30,35,110
"","","21","21 Jahre",31,32,61,63,61,81,43,49,32,43,124
"","","22","22 Jahre",31,35,63,62,67,75,54,50,25,54,129
"","","23","23 Jahre",34,18,52,59,45,66,38,44,22,38,104
"","","24","24 Jahre",25,16,52,51,42,61,32,38,23,32,93
"","","25","25 Jahre",30,32,71,70,63,80,53,56,24,53,133
"","","26","26 Jahre",32,38,66,64,72,81,55,56,25,55,136
"","","27","27 Jahre",37,23,66,61,65,87,39,55,32,39,126
"","","28","28 Jahre",47,31,82,82,78,108,52,71,37,52,160
"","","29","29 Jahre",41,29,94,85,79,100,64,69,31,64,164
"","","30","30 Jahre",36,25,84,83,62,91,54,63,28,54,145
"","","31","31 Jahre",37,33,88,92,66,94,64,57,37,64,158
"","","32","32 Jahre",38,34,73,65,80,95,50,65,30,50,145
"","","33","33 Jahre",28,35,78,81,60,86,55,54,32,55,141
"","","34","34 Jahre",41,26,80,72,75,95,52,61,34,52,147
"","","35","35 Jahre",36,29,85,86,64,100,50,62,38,50,150
"","","36","36 Jahre",39,20,68,63,64,88,39,50,38,39,127
"","","37","37 Jahre",24,23,80,67,60,73,54,45,28,54,127
"","","38","38 Jahre",31,23,87,71,70,82,59,41,41,59,141
"","","39","39 Jahre",29,28,69,74,52,80,46,43,37,46,126
"","","40","40 Jahre",37,25,68,65,65,80,50,43,37,50,130
"","","41","41 Jahre",20,32,74,68,58,70,56,40,30,56,126
"","","42","42 Jahre",24,22,79,62,63,69,56,43,26,56,125
"","","43","43 Jahre",28,25,68,61,60,75,46,46,29,46,121
"","","44","44 Jahre",19,32,82,60,73,70,63,33,37,63,133
"","","45","45 Jahre",26,29,70,72,53,72,53,43,29,53,125
"","","46","46 Jahre",37,30,72,65,74,92,47,59,33,47,139
"","","47","47 Jahre",23,29,59,56,55,77,34,56,21,34,111
"","","48","48 Jahre",32,21,78,69,62,86,45,59,27,45,131
"","","49","49 Jahre",29,38,75,68,74,98,44,70,28,44,142
"","","50","50 Jahre",44,35,72,86,65,114,37,82,32,37,151
"","","51","51 Jahre",41,27,80,73,75,110,38,79,31,38,148
"","","52","52 Jahre",39,36,71,77,69,109,37,73,36,37,146
"","","53","53 Jahre",44,42,59,74,71,110,35,80,30,35,145
"","","54","54 Jahre",48,38,67,74,79,122,31,89,33,31,153
"","","55","55 Jahre",46,30,55,76,55,107,24,71,36,24,131
"","","56","56 Jahre",47,44,64,76,79,131,24,88,43,24,155
"","","57","57 Jahre",46,33,67,84,62,120,26,80,40,26,146
"","","58","58 Jahre",52,34,58,63,81,127,17,83,44,17,144
"","","59","59 Jahre",58,33,55,63,83,129,17,94,35,17,146
"","","60","60 Jahre",43,28,52,57,66,102,21,68,34,21,123
"","","61","61 Jahre",47,37,59,71,72,124,19,84,40,19,143
"","","62","62 Jahre",50,23,53,59,67,112,14,81,31,14,126
"","","63","63 Jahre",39,22,43,46,58,85,19,55,30,19,104
"","","64","64 Jahre",45,34,38,64,53,106,11,83,23,11,117
"","","65","65 Jahre",40,35,37,54,58,94,18,67,27,18,112
"","","66","66 Jahre",43,33,44,50,70,104,16,69,35,16,120
"","","67","67 Jahre",35,23,36,42,52,84,10,59,25,10,94
"","","68","68 Jahre",20,19,35,32,42,57,17,42,15,17,74
"","","69","69 Jahre",28,25,43,46,50,78,18,58,20,18,96
"","","70","70 Jahre",36,14,29,38,41,62,17,57,5,17,79
"","","71","71 Jahre",40,21,30,45,46,77,14,63,14,14,91
"","","72","72 Jahre",20,14,31,30,35,53,12,47,6,12,65
"","","73","73 Jahre",33,11,36,34,46,60,20,50,10,20,80
"","","74","74 Jahre",35,17,18,33,37,60,10,53,7,10,70
"","","75","75 Jahre",30,20,23,28,45,61,12,48,13,12,73
"","","76","76 Jahre",38,20,24,41,41,70,12,56,14,12,82
"","","77","77 Jahre",40,21,29,36,54,78,12,59,19,12,90
"","","78","78 Jahre",42,25,27,50,44,85,9,69,16,9,94
"","","79","79 Jahre",44,23,16,36,47,76,7,58,18,7,83
"","","80","80 Jahre",40,15,16,29,42,64,7,58,6,7,71
"","","81","81 Jahre",65,19,13,36,61,88,9,72,16,9,97
"","","82","82 Jahre",58,14,10,39,43,78,4,67,11,4,82
"","","83","83 Jahre",44,17,15,36,40,70,6,56,14,6,76
"","","84","84 Jahre",31,14,6,20,31,47,4,33,14,4,51
"","","85","85 Jahre",23,12,5,13,27,36,4,31,5,4,40
"","","86","86 Jahre",21,11,5,14,23,34,3,23,11,3,37
"","","87","87 Jahre",22,13,5,12,28,40,"0",26,14,"0",40
"","","88","88 Jahre",24,7,4,20,15,33,2,27,6,2,35
"","","89","89 Jahre",14,6,1,7,14,20,1,17,3,1,21
"","","90","90 Jahre",13,1,3,7,10,17,"0",12,5,"0",17
"","","91","91 Jahre",6,2,2,5,5,10,"0",9,1,"0",10
"","","92","92 Jahre",6,3,2,6,5,11,"0",7,4,"0",11
"","","93","93 Jahre",6,2,1,3,6,9,"0",7,2,"0",9
"","","94","94 Jahre",5,"0",1,3,3,6,"0",5,1,"0",6
"","","95","95 Jahre",3,"0",3,1,5,6,"0",4,2,"0",6
"","","96","96 Jahre",1,"0","0","0",1,1,"0",1,"0","0",1
"","","98","98 Jahre",1,"0","0","0",1,1,"0",1,"0","0",1
"","","Summe","",2.954,2.113,4.861,4.989,4.939,7.404,2.524,4.586,2.818,2.524,9.928
"005","Sontheim","00","0 Jahre",3,7,100,56,54,101,9,33,68,9,110
"","","01","1 Jahr",9,17,83,45,64,95,14,29,66,14,109
"","","02","2 Jahre",16,18,89,62,61,108,15,31,77,15,123
"","","03","3 Jahre",22,10,80,58,54,97,15,28,69,15,112
"","","04","4 Jahre",12,17,70,50,49,84,15,28,56,15,99
"","","05","5 Jahre",19,17,68,50,54,97,7,29,68,7,104
"","","06","6 Jahre",22,18,70,53,57,97,13,28,69,13,110
"","","07","7 Jahre",18,17,56,48,43,75,16,14,61,16,91
"","","08","8 Jahre",19,19,67,53,52,96,9,29,67,9,105
"","","09","9 Jahre",17,22,56,45,50,77,18,19,58,18,95
"","","10","10 Jahre",29,24,72,64,61,111,14,28,83,14,125
"","","11","11 Jahre",23,22,67,51,61,101,11,29,72,11,112
"","","12","12 Jahre",26,22,54,50,52,84,18,23,61,18,102
"","","13","13 Jahre",23,17,58,46,52,76,22,24,52,22,98
"","","14","14 Jahre",32,16,55,61,42,91,12,29,62,12,103
"","","15","15 Jahre",30,29,51,55,55,94,16,34,60,16,110
"","","16","16 Jahre",28,26,54,52,56,88,20,25,63,20,108
"","","17","17 Jahre",39,25,53,55,62,99,18,39,60,18,117
"","","18","18 Jahre",46,28,64,85,53,114,24,59,55,24,138
"","","19","19 Jahre",48,47,67,87,75,114,48,60,54,48,162
"","","20","20 Jahre",49,46,101,94,102,140,56,87,53,56,196
"","","21","21 Jahre",73,47,98,116,102,147,71,96,51,71,218
"","","22","22 Jahre",51,53,93,108,89,140,57,86,54,57,197
"","","23","23 Jahre",68,38,90,122,74,135,61,95,40,61,196
"","","24","24 Jahre",61,46,106,133,80,148,65,91,57,65,213
"","","25","25 Jahre",47,40,106,113,80,134,59,81,53,59,193
"","","26","26 Jahre",38,36,90,93,71,112,52,71,41,52,164
"","","27","27 Jahre",56,43,88,105,82,131,56,87,44,56,187
"","","28","28 Jahre",52,43,90,101,84,132,53,80,52,53,185
"","","29","29 Jahre",40,40,74,73,81,104,50,68,36,50,154
"","","30","30 Jahre",32,26,92,80,70,94,56,57,37,56,150
"","","31","31 Jahre",51,40,94,99,86,130,55,81,49,55,185
"","","32","32 Jahre",41,40,84,80,85,115,50,62,53,50,165
"","","33","33 Jahre",36,31,74,77,64,101,40,62,39,40,141
"","","34","34 Jahre",34,34,86,92,62,115,39,61,54,39,154
"","","35","35 Jahre",44,25,96,90,75,117,48,63,54,48,165
"","","36","36 Jahre",36,37,78,71,80,102,49,55,47,49,151
"","","37","37 Jahre",46,37,80,84,79,101,62,57,44,62,163
"","","38","38 Jahre",34,30,70,71,63,99,35,52,47,35,134
"","","39","39 Jahre",28,32,86,75,71,101,45,50,51,45,146
"","","40","40 Jahre",25,34,74,76,57,84,49,37,47,49,133
"","","41","41 Jahre",40,28,77,79,66,99,46,52,47,46,145
"","","42","42 Jahre",29,36,74,63,76,88,51,45,43,51,139
"","","43","43 Jahre",28,24,61,55,58,79,34,34,45,34,113
"","","44","44 Jahre",35,31,71,70,67,91,46,44,47,46,137
"","","45","45 Jahre",37,29,75,64,77,99,42,46,53,42,141
"","","46","46 Jahre",32,34,76,73,69,98,44,48,50,44,142
"","","47","47 Jahre",39,32,78,78,71,102,47,57,45,47,149
"","","48","48 Jahre",33,33,87,73,80,120,33,63,57,33,153
"","","49","49 Jahre",32,42,75,76,73,105,44,67,38,44,149
"","","50","50 Jahre",45,46,86,85,92,137,40,75,62,40,177
"","","51","51 Jahre",51,40,81,82,90,130,42,84,46,42,172
"","","52","52 Jahre",47,44,84,85,90,144,31,88,56,31,175
"","","53","53 Jahre",56,58,73,98,89,152,35,97,55,35,187
"","","54","54 Jahre",51,52,75,85,93,147,31,99,48,31,178
"","","55","55 Jahre",59,42,55,77,79,137,19,86,51,19,156
"","","56","56 Jahre",47,63,68,96,82,154,24,95,59,24,178
"","","57","57 Jahre",52,43,65,75,85,137,23,86,51,23,160
"","","58","58 Jahre",51,49,54,82,72,135,19,65,70,19,154
"","","59","59 Jahre",46,45,58,74,75,133,16,77,56,16,149
"","","60","60 Jahre",57,49,61,76,91,151,16,90,61,16,167
"","","61","61 Jahre",50,41,61,71,81,133,19,71,62,19,152
"","","62","62 Jahre",50,46,51,76,71,127,20,80,47,20,147
"","","63","63 Jahre",41,46,66,74,79,137,16,82,55,16,153
"","","64","64 Jahre",57,41,50,72,76,126,22,80,46,22,148
"","","65","65 Jahre",41,38,45,60,64,107,17,67,40,17,124
"","","66","66 Jahre",40,38,49,55,72,112,15,65,47,15,127
"","","67","67 Jahre",41,38,45,64,60,113,11,74,39,11,124
"","","68","68 Jahre",39,32,53,61,63,112,12,70,42,12,124
"","","69","69 Jahre",48,43,34,54,71,119,6,96,23,6,125
"","","70","70 Jahre",43,39,40,60,62,100,22,82,18,22,122
"","","71","71 Jahre",44,21,32,43,54,89,8,78,11,8,97
"","","72","72 Jahre",34,20,31,37,48,70,15,57,13,15,85
"","","73","73 Jahre",29,24,28,35,46,71,10,55,16,10,81
"","","74","74 Jahre",44,21,26,47,44,86,5,60,26,5,91
"","","75","75 Jahre",37,24,33,34,60,86,8,61,25,8,94
"","","76","76 Jahre",45,35,23,49,54,91,12,65,26,12,103
"","","77","77 Jahre",39,36,23,41,57,88,10,63,25,10,98
"","","78","78 Jahre",61,39,24,42,82,111,13,77,34,13,124
"","","79","79 Jahre",52,49,28,57,72,121,8,84,37,8,129
"","","80","80 Jahre",49,31,19,46,53,91,8,76,15,8,99
"","","81","81 Jahre",48,33,20,42,59,95,6,66,29,6,101
"","","82","82 Jahre",54,26,17,41,56,90,7,67,23,7,97
"","","83","83 Jahre",50,37,21,39,69,100,8,73,27,8,108
"","","84","84 Jahre",28,32,12,27,45,71,1,52,19,1,72
"","","85","85 Jahre",28,25,7,21,39,58,2,48,10,2,60
"","","86","86 Jahre",24,26,3,19,34,51,2,35,16,2,53
"","","87","87 Jahre",23,16,9,12,36,45,3,33,12,3,48
"","","88","88 Jahre",32,21,8,13,48,60,1,46,14,1,61
"","","89","89 Jahre",25,22,6,15,38,52,1,42,10,1,53
"","","90","90 Jahre",15,18,4,10,27,33,4,28,5,4,37
"","","91","91 Jahre",23,18,5,9,37,45,1,28,17,1,46
"","","92","92 Jahre",16,7,3,6,20,26,"0",22,4,"0",26
"","","93","93 Jahre",12,5,"0",3,14,17,"0",16,1,"0",17
"","","94","94 Jahre",10,4,3,3,14,17,"0",15,2,"0",17
"","","95","95 Jahre",8,4,3,4,11,14,1,11,3,1,15
"","","96","96 Jahre",8,3,"0",2,9,11,"0",8,3,"0",11
"","","97","97 Jahre",7,1,2,2,8,10,"0",8,2,"0",10
"","","98","98 Jahre",7,3,"0",3,7,9,1,7,2,1,10
"","","99","99 Jahre oder �lter",6,2,"0",1,7,8,"0",8,"0","0",8
"","","Summe","",3.598,3.041,5.502,5.975,6.166,9.721,2.420,5.551,4.170,2.420,12.141
"006","Klingenberg","00","0 Jahre","0",3,30,19,14,23,10,8,15,10,33
"","","01","1 Jahr",2,1,17,11,9,17,3,9,8,3,20
"","","02","2 Jahre",8,6,22,21,15,29,7,14,15,7,36
"","","03","3 Jahre",2,4,14,11,9,18,2,7,11,2,20
"","","04","4 Jahre",5,8,18,18,13,25,6,10,15,6,31
"","","05","5 Jahre",6,5,22,18,15,26,7,11,15,7,33
"","","06","6 Jahre",10,4,14,11,17,25,3,14,11,3,28
"","","07","7 Jahre",7,5,13,13,12,23,2,10,13,2,25
"","","08","8 Jahre",9,6,6,12,9,19,2,8,11,2,21
"","","09","9 Jahre",8,4,12,14,10,21,3,11,10,3,24
"","","10","10 Jahre",6,4,11,12,9,20,1,7,13,1,21
"","","11","11 Jahre",9,3,17,15,14,26,3,6,20,3,29
"","","12","12 Jahre",7,4,13,15,9,22,2,10,12,2,24
"","","13","13 Jahre",7,5,15,11,16,25,2,15,10,2,27
"","","14","14 Jahre",6,6,20,14,18,24,8,4,20,8,32
"","","15","15 Jahre",17,1,17,17,18,35,"0",15,20,"0",35
"","","16","16 Jahre",14,5,10,18,11,28,1,13,15,1,29
"","","17","17 Jahre",14,3,13,15,15,27,3,12,15,3,30
"","","18","18 Jahre",12,1,7,12,8,20,"0",12,8,"0",20
"","","19","19 Jahre",9,6,14,18,11,23,6,16,7,6,29
"","","20","20 Jahre",8,5,17,14,16,19,11,14,5,11,30
"","","21","21 Jahre",8,2,12,12,10,15,7,12,3,7,22
"","","22","22 Jahre",7,5,15,10,17,21,6,11,10,6,27
"","","23","23 Jahre",8,3,17,15,13,21,7,12,9,7,28
"","","24","24 Jahre",11,1,18,12,18,17,13,12,5,13,30
"","","25","25 Jahre",6,4,21,15,16,19,12,12,7,12,31
"","","26","26 Jahre",8,7,25,24,16,25,15,17,8,15,40
"","","27","27 Jahre",5,3,21,12,17,18,11,15,3,11,29
"","","28","28 Jahre",11,7,21,20,19,26,13,18,8,13,39
"","","29","29 Jahre",12,5,13,17,13,16,14,14,2,14,30
"","","30","30 Jahre",7,6,18,21,10,19,12,12,7,12,31
"","","31","31 Jahre",6,5,24,21,14,23,12,15,8,12,35
"","","32","32 Jahre",12,11,15,18,20,27,11,18,9,11,38
"","","33","33 Jahre",7,13,14,16,18,21,13,10,11,13,34
"","","34","34 Jahre",5,3,14,11,11,16,6,10,6,6,22
"","","35","35 Jahre",6,7,14,14,13,18,9,12,6,9,27
"","","36","36 Jahre",11,4,9,11,13,22,2,16,6,2,24
"","","37","37 Jahre",11,6,19,19,17,29,7,21,8,7,36
"","","38","38 Jahre",6,5,11,11,11,15,7,8,7,7,22
"","","39","39 Jahre",10,4,18,14,18,23,9,15,8,9,32
"","","40","40 Jahre",11,3,15,14,15,23,6,18,5,6,29
"","","41","41 Jahre",6,5,15,10,16,18,8,14,4,8,26
"","","42","42 Jahre",9,5,21,23,12,25,10,16,9,10,35
"","","43","43 Jahre",9,6,17,13,19,23,9,17,6,9,32
"","","44","44 Jahre",8,3,23,19,15,18,16,14,4,16,34
"","","45","45 Jahre",8,3,16,12,15,19,8,12,7,8,27
"","","46","46 Jahre",19,8,19,20,26,37,9,26,11,9,46
"","","47","47 Jahre",13,4,19,18,18,25,11,11,14,11,36
"","","48","48 Jahre",11,5,24,23,17,33,7,20,13,7,40
"","","49","49 Jahre",12,6,20,22,16,26,12,18,8,12,38
"","","50","50 Jahre",10,6,16,19,13,23,9,15,8,9,32
"","","51","51 Jahre",14,4,20,19,19,27,11,18,9,11,38
"","","52","52 Jahre",13,10,23,19,27,37,9,26,11,9,46
"","","53","53 Jahre",14,4,19,24,13,33,4,29,4,4,37
"","","54","54 Jahre",18,6,16,17,23,31,9,22,9,9,40
"","","55","55 Jahre",15,4,18,17,20,31,6,24,7,6,37
"","","56","56 Jahre",10,12,20,22,20,39,3,24,15,3,42
"","","57","57 Jahre",13,8,9,12,18,26,4,19,7,4,30
"","","58","58 Jahre",9,7,14,14,16,26,4,21,5,4,30
"","","59","59 Jahre",8,5,14,13,14,22,5,15,7,5,27
"","","60","60 Jahre",12,3,8,11,12,21,2,18,3,2,23
"","","61","61 Jahre",8,6,10,14,10,23,1,15,8,1,24
"","","62","62 Jahre",13,5,6,17,7,21,3,17,4,3,24
"","","63","63 Jahre",9,2,9,13,7,18,2,10,8,2,20
"","","64","64 Jahre",9,3,5,7,10,16,1,14,2,1,17
"","","65","65 Jahre",6,7,11,8,16,21,3,18,3,3,24
"","","66","66 Jahre",9,4,8,7,14,19,2,18,1,2,21
"","","67","67 Jahre",5,6,8,10,9,17,2,12,5,2,19
"","","68","68 Jahre",14,2,10,14,12,24,2,18,6,2,26
"","","69","69 Jahre",13,1,7,8,13,19,2,16,3,2,21
"","","70","70 Jahre",12,6,7,11,14,23,2,22,1,2,25
"","","71","71 Jahre",10,4,3,5,12,17,"0",16,1,"0",17
"","","72","72 Jahre",4,4,5,7,6,11,2,9,2,2,13
"","","73","73 Jahre",6,3,8,3,14,15,2,14,1,2,17
"","","74","74 Jahre",8,6,5,14,5,15,4,13,2,4,19
"","","75","75 Jahre",16,6,4,11,15,24,2,20,4,2,26
"","","76","76 Jahre",13,3,2,5,13,18,"0",14,4,"0",18
"","","77","77 Jahre",19,4,9,18,14,31,1,23,8,1,32
"","","78","78 Jahre",17,4,6,12,15,24,3,21,3,3,27
"","","79","79 Jahre",14,8,2,13,11,24,"0",16,8,"0",24
"","","80","80 Jahre",14,5,7,10,16,26,"0",22,4,"0",26
"","","81","81 Jahre",15,5,5,15,10,24,1,19,5,1,25
"","","82","82 Jahre",10,4,5,10,9,17,2,11,6,2,19
"","","83","83 Jahre",15,4,1,10,10,20,"0",14,6,"0",20
"","","84","84 Jahre",10,"0",1,4,7,11,"0",9,2,"0",11
"","","85","85 Jahre",5,"0",3,3,5,7,1,5,2,1,8
"","","86","86 Jahre",6,3,1,4,6,9,1,8,1,1,10
"","","87","87 Jahre",4,2,"0",2,4,6,"0",5,1,"0",6
"","","88","88 Jahre",3,1,"0",2,2,4,"0",2,2,"0",4
"","","89","89 Jahre",2,"0","0",1,1,2,"0",2,"0","0",2
"","","90","90 Jahre",3,1,"0",1,3,4,"0",3,1,"0",4
"","","91","91 Jahre","0","0",2,2,"0",2,"0",2,"0","0",2
"","","92","92 Jahre",2,"0",1,1,2,3,"0",2,1,"0",3
"","","93","93 Jahre",2,1,"0",2,1,3,"0",2,1,"0",3
"","","94","94 Jahre",2,"0",1,2,1,3,"0",3,"0","0",3
"","","98","98 Jahre",1,"0","0","0",1,1,"0",1,"0","0",1
"","","99","99 Jahre oder �lter","0",1,"0","0",1,1,"0","0",1,"0",1
"","","Summe","",864,418,1.159,1.229,1.212,1.972,469,1.299,673,469,2.441
"007","Frankenbach","00","0 Jahre",7,2,57,34,32,58,8,22,36,8,66
"","","01","1 Jahr",8,7,32,28,19,42,5,19,23,5,47
"","","02","2 Jahre",9,2,39,27,23,47,3,19,28,3,50
"","","03","3 Jahre",16,8,34,22,36,50,8,23,27,8,58
"","","04","4 Jahre",14,6,29,24,25,46,3,21,25,3,49
"","","05","5 Jahre",11,8,24,28,15,40,3,17,23,3,43
"","","06","6 Jahre",10,12,33,26,29,48,7,13,35,7,55
"","","07","7 Jahre",14,9,27,23,27,44,6,17,27,6,50
"","","08","8 Jahre",10,10,24,25,19,35,9,11,24,9,44
"","","09","9 Jahre",15,14,25,23,31,46,8,18,28,8,54
"","","10","10 Jahre",9,9,30,30,18,42,6,18,24,6,48
"","","11","11 Jahre",17,11,21,27,22,44,5,13,31,5,49
"","","12","12 Jahre",18,9,25,22,30,41,11,15,26,11,52
"","","13","13 Jahre",14,5,33,34,18,48,4,20,28,4,52
"","","14","14 Jahre",17,8,24,30,19,42,7,19,23,7,49
"","","15","15 Jahre",16,8,23,31,16,39,8,16,23,8,47
"","","16","16 Jahre",22,9,23,29,25,51,3,18,33,3,54
"","","17","17 Jahre",18,12,16,23,23,42,4,18,24,4,46
"","","18","18 Jahre",14,9,18,17,24,38,3,18,20,3,41
"","","19","19 Jahre",25,20,31,46,30,59,17,39,20,17,76
"","","20","20 Jahre",24,17,20,30,31,50,11,32,18,11,61
"","","21","21 Jahre",18,18,25,32,29,49,12,31,18,12,61
"","","22","22 Jahre",20,14,20,28,26,42,12,26,16,12,54
"","","23","23 Jahre",23,13,27,35,28,44,19,30,14,19,63
"","","24","24 Jahre",26,12,27,32,33,50,15,40,10,15,65
"","","25","25 Jahre",12,13,32,35,22,43,14,31,12,14,57
"","","26","26 Jahre",30,18,20,42,26,55,13,36,19,13,68
"","","27","27 Jahre",14,12,27,31,22,39,14,26,13,14,53
"","","28","28 Jahre",24,15,42,36,45,67,14,44,23,14,81
"","","29","29 Jahre",32,17,28,41,36,52,25,41,11,25,77
"","","30","30 Jahre",19,18,41,46,32,58,20,44,14,20,78
"","","31","31 Jahre",29,8,28,32,33,48,17,31,17,17,65
"","","32","32 Jahre",21,16,34,43,28,49,22,32,17,22,71
"","","33","33 Jahre",18,21,40,40,39,58,21,34,24,21,79
"","","34","34 Jahre",23,15,30,35,33,48,20,35,13,20,68
"","","35","35 Jahre",20,11,43,43,31,52,22,39,13,22,74
"","","36","36 Jahre",11,15,44,28,42,41,29,25,16,29,70
"","","37","37 Jahre",19,16,40,34,41,53,22,35,18,22,75
"","","38","38 Jahre",18,15,46,47,32,53,26,30,23,26,79
"","","39","39 Jahre",27,13,52,37,55,63,29,39,24,29,92
"","","40","40 Jahre",21,14,22,23,34,42,15,23,19,15,57
"","","41","41 Jahre",24,17,24,35,30,49,16,32,17,16,65
"","","42","42 Jahre",19,14,40,34,39,45,28,27,18,28,73
"","","43","43 Jahre",27,6,42,36,39,47,28,33,14,28,75
"","","44","44 Jahre",26,15,42,46,37,56,27,27,29,27,83
"","","45","45 Jahre",24,12,41,37,40,62,15,43,19,15,77
"","","46","46 Jahre",26,13,25,36,28,48,16,28,20,16,64
"","","47","47 Jahre",23,17,24,34,30,47,17,38,9,17,64
"","","48","48 Jahre",23,24,44,48,43,62,29,41,21,29,91
"","","49","49 Jahre",30,28,54,54,58,88,24,69,19,24,112
"","","50","50 Jahre",29,22,40,44,47,70,21,55,15,21,91
"","","51","51 Jahre",24,15,44,41,42,73,10,53,20,10,83
"","","52","52 Jahre",26,18,40,41,43,68,16,50,18,16,84
"","","53","53 Jahre",33,21,33,48,39,73,14,53,20,14,87
"","","54","54 Jahre",47,20,38,49,56,92,13,66,26,13,105
"","","55","55 Jahre",41,21,37,53,46,90,9,68,22,9,99
"","","56","56 Jahre",33,16,40,47,42,80,9,63,17,9,89
"","","57","57 Jahre",36,12,29,41,36,66,11,54,12,11,77
"","","58","58 Jahre",32,17,47,45,51,81,15,63,18,15,96
"","","59","59 Jahre",26,15,34,43,32,69,6,49,20,6,75
"","","60","60 Jahre",38,12,38,43,45,80,8,64,16,8,88
"","","61","61 Jahre",25,10,38,40,33,64,9,49,15,9,73
"","","62","62 Jahre",28,15,33,40,36,66,10,46,20,10,76
"","","63","63 Jahre",29,11,18,32,26,54,4,42,12,4,58
"","","64","64 Jahre",25,9,24,25,33,54,4,41,13,4,58
"","","65","65 Jahre",28,9,27,31,33,58,6,51,7,6,64
"","","66","66 Jahre",25,18,25,25,43,64,4,47,17,4,68
"","","67","67 Jahre",27,17,26,28,42,64,6,48,16,6,70
"","","68","68 Jahre",20,12,34,27,39,64,2,48,16,2,66
"","","69","69 Jahre",26,9,19,19,35,50,4,41,9,4,54
"","","70","70 Jahre",25,15,28,38,30,60,8,52,8,8,68
"","","71","71 Jahre",30,11,21,29,33,55,7,50,5,7,62
"","","72","72 Jahre",27,7,17,25,26,46,5,44,2,5,51
"","","73","73 Jahre",31,12,16,24,35,54,5,47,7,5,59
"","","74","74 Jahre",30,12,16,24,34,56,2,43,13,2,58
"","","75","75 Jahre",33,13,10,20,36,54,2,44,10,2,56
"","","76","76 Jahre",42,13,17,37,35,68,4,52,16,4,72
"","","77","77 Jahre",38,12,22,35,37,71,1,56,15,1,72
"","","78","78 Jahre",44,16,17,31,46,74,3,62,12,3,77
"","","79","79 Jahre",32,13,12,31,26,55,2,39,16,2,57
"","","80","80 Jahre",37,17,12,29,37,64,2,50,14,2,66
"","","81","81 Jahre",46,9,10,23,42,64,1,53,11,1,65
"","","82","82 Jahre",38,10,10,27,31,54,4,41,13,4,58
"","","83","83 Jahre",34,5,7,25,21,44,2,39,5,2,46
"","","84","84 Jahre",18,11,7,15,21,35,1,28,7,1,36
"","","85","85 Jahre",12,4,4,6,14,20,"0",16,4,"0",20
"","","86","86 Jahre",16,3,4,15,8,22,1,19,3,1,23
"","","87","87 Jahre",10,4,3,4,13,17,"0",13,4,"0",17
"","","88","88 Jahre",11,7,1,11,8,19,"0",12,7,"0",19
"","","89","89 Jahre",14,"0","0",6,8,14,"0",11,3,"0",14
"","","90","90 Jahre",10,4,1,3,12,14,1,14,"0",1,15
"","","91","91 Jahre",2,"0","0","0",2,2,"0",1,1,"0",2
"","","92","92 Jahre",5,"0",2,2,5,7,"0",5,2,"0",7
"","","93","93 Jahre",1,2,"0","0",3,3,"0",3,"0","0",3
"","","94","94 Jahre",1,2,"0",1,2,3,"0",2,1,"0",3
"","","95","95 Jahre","0",1,"0","0",1,"0",1,"0","0",1,1
"","","96","96 Jahre","0",1,"0","0",1,1,"0","0",1,"0",1
"","","97","97 Jahre",1,"0","0","0",1,1,"0",1,"0","0",1
"","","99","99 Jahre oder �lter",1,"0","0",1,"0",1,"0",1,"0","0",1
"","","Summe","",2.142,1.138,2.493,2.883,2.890,4.820,953,3.265,1.555,953,5.773
"008","Kirchhausen","00","0 Jahre",1,6,26,19,14,31,2,18,13,2,33
"","","01","1 Jahr",9,5,25,23,16,34,5,18,16,5,39
"","","02","2 Jahre",12,8,19,18,21,36,3,25,11,3,39
"","","03","3 Jahre",11,20,17,33,15,42,6,25,17,6,48
"","","04","4 Jahre",12,7,23,26,16,35,7,18,17,7,42
"","","05","5 Jahre",10,11,21,25,17,38,4,18,20,4,42
"","","06","6 Jahre",21,9,18,27,21,43,5,18,25,5,48
"","","07","7 Jahre",10,12,21,22,21,40,3,21,19,3,43
"","","08","8 Jahre",11,11,16,20,18,29,9,16,13,9,38
"","","09","9 Jahre",9,17,15,21,20,36,5,21,15,5,41
"","","10","10 Jahre",11,8,20,25,14,31,8,16,15,8,39
"","","11","11 Jahre",18,15,19,32,20,47,5,28,19,5,52
"","","12","12 Jahre",8,12,18,22,16,36,2,20,16,2,38
"","","13","13 Jahre",9,8,20,20,17,35,2,15,20,2,37
"","","14","14 Jahre",14,16,17,27,20,43,4,29,14,4,47
"","","15","15 Jahre",22,9,11,23,19,40,2,25,15,2,42
"","","16","16 Jahre",14,11,11,14,22,34,2,17,17,2,36
"","","17","17 Jahre",16,10,8,22,12,33,1,15,18,1,34
"","","18","18 Jahre",14,16,18,24,24,43,5,31,12,5,48
"","","19","19 Jahre",14,14,12,28,12,34,6,24,10,6,40
"","","20","20 Jahre",15,6,15,18,18,30,6,23,7,6,36
"","","21","21 Jahre",10,11,13,17,17,31,3,22,9,3,34
"","","22","22 Jahre",16,19,10,21,24,38,7,36,2,7,45
"","","23","23 Jahre",15,10,9,23,11,30,4,28,2,4,34
"","","24","24 Jahre",15,11,12,20,18,30,8,28,2,8,38
"","","25","25 Jahre",9,12,10,13,18,25,6,21,4,6,31
"","","26","26 Jahre",9,13,13,17,18,28,7,27,1,7,35
"","","27","27 Jahre",10,10,13,22,11,26,7,20,6,7,33
"","","28","28 Jahre",15,23,8,25,21,42,4,36,6,4,46
"","","29","29 Jahre",14,15,16,19,26,35,10,23,12,10,45
"","","30","30 Jahre",14,20,16,24,26,40,10,31,9,10,50
"","","31","31 Jahre",15,13,13,20,21,31,10,26,5,10,41
"","","32","32 Jahre",16,20,22,28,30,48,10,32,16,10,58
"","","33","33 Jahre",12,13,13,21,17,31,7,24,7,7,38
"","","34","34 Jahre",20,11,23,24,30,42,12,29,13,12,54
"","","35","35 Jahre",10,14,19,23,20,35,8,27,8,8,43
"","","36","36 Jahre",9,9,32,27,23,41,9,27,14,9,50
"","","37","37 Jahre",11,13,26,20,30,42,8,29,13,8,50
"","","38","38 Jahre",12,17,24,22,31,45,8,38,7,8,53
"","","39","39 Jahre",16,16,36,38,30,49,19,31,18,19,68
"","","40","40 Jahre",10,17,18,18,27,35,10,28,7,10,45
"","","41","41 Jahre",14,16,22,27,25,45,7,36,9,7,52
"","","42","42 Jahre",16,17,18,29,22,40,11,31,9,11,51
"","","43","43 Jahre",9,9,24,23,19,30,12,19,11,12,42
"","","44","44 Jahre",13,21,19,31,22,41,12,31,10,12,53
"","","45","45 Jahre",11,21,13,21,24,34,11,27,7,11,45
"","","46","46 Jahre",15,17,17,28,21,40,9,29,11,9,49
"","","47","47 Jahre",18,19,20,32,25,50,7,37,13,7,57
"","","48","48 Jahre",16,12,24,28,24,48,4,34,14,4,52
"","","49","49 Jahre",23,22,29,38,36,55,19,45,10,19,74
"","","50","50 Jahre",10,27,22,34,25,58,1,43,15,1,59
"","","51","51 Jahre",18,29,16,31,32,59,4,44,15,4,63
"","","52","52 Jahre",15,26,23,33,31,59,5,51,8,5,64
"","","53","53 Jahre",17,20,13,18,32,43,7,39,4,7,50
"","","54","54 Jahre",13,25,30,35,33,56,12,46,10,12,68
"","","55","55 Jahre",19,30,19,31,37,64,4,55,9,4,68
"","","56","56 Jahre",27,14,21,27,35,57,5,46,11,5,62
"","","57","57 Jahre",18,24,20,33,29,59,3,44,15,3,62
"","","58","58 Jahre",15,25,20,26,34,56,4,48,8,4,60
"","","59","59 Jahre",13,28,13,25,29,51,3,37,14,3,54
"","","60","60 Jahre",21,31,15,39,28,64,3,46,18,3,67
"","","61","61 Jahre",17,22,8,21,26,45,2,35,10,2,47
"","","62","62 Jahre",14,18,15,27,20,44,3,35,9,3,47
"","","63","63 Jahre",20,24,21,24,41,60,5,44,16,5,65
"","","64","64 Jahre",13,11,9,21,12,29,4,26,3,4,33
"","","65","65 Jahre",16,20,11,23,24,46,1,41,5,1,47
"","","66","66 Jahre",16,23,10,27,22,45,4,40,5,4,49
"","","67","67 Jahre",19,18,10,24,23,44,3,39,5,3,47
"","","68","68 Jahre",12,19,11,18,24,35,7,26,9,7,42
"","","69","69 Jahre",10,16,7,13,20,32,1,26,6,1,33
"","","70","70 Jahre",9,25,5,13,26,37,2,34,3,2,39
"","","71","71 Jahre",9,20,9,16,22,35,3,32,3,3,38
"","","72","72 Jahre",9,15,13,19,18,34,3,29,5,3,37
"","","73","73 Jahre",6,9,7,10,12,21,1,17,4,1,22
"","","74","74 Jahre",15,17,9,16,25,37,4,28,9,4,41
"","","75","75 Jahre",6,29,2,20,17,35,2,26,9,2,37
"","","76","76 Jahre",9,20,4,15,18,31,2,26,5,2,33
"","","77","77 Jahre",9,20,5,20,14,32,2,26,6,2,34
"","","78","78 Jahre",14,24,4,22,20,42,"0",34,8,"0",42
"","","79","79 Jahre",11,20,9,19,21,39,1,33,6,1,40
"","","80","80 Jahre",8,16,1,11,14,25,"0",18,7,"0",25
"","","81","81 Jahre",9,12,2,7,16,22,1,15,7,1,23
"","","82","82 Jahre",8,24,1,15,18,33,"0",26,7,"0",33
"","","83","83 Jahre",12,30,4,16,30,43,3,39,4,3,46
"","","84","84 Jahre",7,22,"0",7,22,29,"0",24,5,"0",29
"","","85","85 Jahre",1,11,1,5,8,13,"0",7,6,"0",13
"","","86","86 Jahre",5,9,"0",7,7,14,"0",9,5,"0",14
"","","87","87 Jahre",2,1,"0",1,2,3,"0",2,1,"0",3
"","","88","88 Jahre",2,9,"0",5,6,11,"0",10,1,"0",11
"","","89","89 Jahre",2,3,2,3,4,6,1,3,3,1,7
"","","90","90 Jahre",2,4,1,2,5,7,"0",5,2,"0",7
"","","91","91 Jahre","0",1,"0","0",1,1,"0",1,"0","0",1
"","","92","92 Jahre","0",5,"0",1,4,5,"0",2,3,"0",5
"","","93","93 Jahre","0",2,"0",1,1,2,"0",2,"0","0",2
"","","94","94 Jahre","0",3,"0","0",3,3,"0",3,"0","0",3
"","","98","98 Jahre","0",1,"0","0",1,1,"0",1,"0","0",1
"","","Summe","",1.132,1.474,1.295,1.969,1.932,3.444,457,2.556,888,457,3.901
"009","Biberach","00","0 Jahre",9,3,44,27,29,49,7,28,21,7,56
"","","01","1 Jahr",11,8,29,22,26,44,4,21,23,4,48
"","","02","2 Jahre",19,8,19,26,20,40,6,24,16,6,46
"","","03","3 Jahre",11,10,29,25,25,43,7,23,20,7,50
"","","04","4 Jahre",16,7,24,29,18,40,7,19,21,7,47
"","","05","5 Jahre",18,11,30,30,29,52,7,20,32,7,59
"","","06","6 Jahre",15,14,21,24,26,47,3,23,24,3,50
"","","07","7 Jahre",18,5,25,23,25,44,4,22,22,4,48
"","","08","8 Jahre",18,10,16,25,19,39,5,17,22,5,44
"","","09","9 Jahre",13,13,26,29,23,46,6,26,20,6,52
"","","10","10 Jahre",21,7,17,24,21,43,2,26,17,2,45
"","","11","11 Jahre",10,11,14,16,19,35,"0",15,20,"0",35
"","","12","12 Jahre",12,17,15,28,16,39,5,22,17,5,44
"","","13","13 Jahre",14,9,19,17,25,37,5,23,14,5,42
"","","14","14 Jahre",14,15,14,28,15,39,4,18,21,4,43
"","","15","15 Jahre",26,15,12,27,26,49,4,29,20,4,53
"","","16","16 Jahre",21,6,18,25,20,42,3,28,14,3,45
"","","17","17 Jahre",17,9,13,22,17,35,4,21,14,4,39
"","","18","18 Jahre",20,12,22,33,21,47,7,32,15,7,54
"","","19","19 Jahre",23,10,12,24,21,36,9,28,8,9,45
"","","20","20 Jahre",12,21,8,23,18,32,9,25,7,9,41
"","","21","21 Jahre",22,17,20,40,19,45,14,36,9,14,59
"","","22","22 Jahre",24,15,30,31,38,49,20,38,11,20,69
"","","23","23 Jahre",18,12,13,24,19,31,12,27,4,12,43
"","","24","24 Jahre",23,15,23,36,25,51,10,38,13,10,61
"","","25","25 Jahre",26,16,19,30,31,47,14,40,7,14,61
"","","26","26 Jahre",22,20,28,34,36,53,17,36,17,17,70
"","","27","27 Jahre",26,15,28,31,38,50,19,42,8,19,69
"","","28","28 Jahre",35,14,21,33,37,58,12,50,8,12,70
"","","29","29 Jahre",24,14,27,41,24,51,14,42,9,14,65
"","","30","30 Jahre",21,21,44,44,42,61,25,49,12,25,86
"","","31","31 Jahre",23,19,29,39,32,48,23,36,12,23,71
"","","32","32 Jahre",23,18,29,41,29,58,12,41,17,12,70
"","","33","33 Jahre",19,21,29,37,32,57,12,44,13,12,69
"","","34","34 Jahre",27,12,28,32,35,51,16,39,12,16,67
"","","35","35 Jahre",17,16,34,31,36,57,10,42,15,10,67
"","","36","36 Jahre",19,18,37,35,39,58,16,45,13,16,74
"","","37","37 Jahre",19,19,29,35,32,52,15,43,9,15,67
"","","38","38 Jahre",11,20,26,32,25,44,13,27,17,13,57
"","","39","39 Jahre",11,16,21,19,29,38,10,25,13,10,48
"","","40","40 Jahre",28,15,24,34,33,57,10,39,18,10,67
"","","41","41 Jahre",19,10,33,27,35,46,16,32,14,16,62
"","","42","42 Jahre",16,19,19,28,26,37,17,24,13,17,54
"","","43","43 Jahre",18,11,34,33,30,49,14,35,14,14,63
"","","44","44 Jahre",14,13,26,27,26,39,14,28,11,14,53
"","","45","45 Jahre",10,17,28,33,22,39,16,29,10,16,55
"","","46","46 Jahre",8,18,36,31,31,45,17,34,11,17,62
"","","47","47 Jahre",25,18,32,43,32,58,17,50,8,17,75
"","","48","48 Jahre",28,16,24,33,35,62,6,53,9,6,68
"","","49","49 Jahre",24,19,27,36,34,57,13,49,8,13,70
"","","50","50 Jahre",31,16,35,42,40,69,13,55,14,13,82
"","","51","51 Jahre",25,22,28,37,38,65,10,54,11,10,75
"","","52","52 Jahre",24,29,28,41,40,67,14,57,10,14,81
"","","53","53 Jahre",25,24,29,36,42,65,13,49,16,13,78
"","","54","54 Jahre",19,15,29,35,28,52,11,44,8,11,63
"","","55","55 Jahre",24,24,29,41,36,71,6,60,11,6,77
"","","56","56 Jahre",29,18,28,44,31,66,9,52,14,9,75
"","","57","57 Jahre",31,34,21,32,54,78,8,61,17,8,86
"","","58","58 Jahre",24,23,22,27,42,62,7,55,7,7,69
"","","59","59 Jahre",29,17,10,29,27,51,5,47,4,5,56
"","","60","60 Jahre",26,25,25,40,36,70,6,58,12,6,76
"","","61","61 Jahre",29,22,26,42,35,73,4,61,12,4,77
"","","62","62 Jahre",31,22,24,37,40,71,6,60,11,6,77
"","","63","63 Jahre",35,20,29,38,46,77,7,64,13,7,84
"","","64","64 Jahre",32,13,20,31,34,62,3,50,12,3,65
"","","65","65 Jahre",28,15,21,28,36,62,2,54,8,2,64
"","","66","66 Jahre",24,16,17,27,30,51,6,44,7,6,57
"","","67","67 Jahre",34,24,13,32,39,69,2,63,6,2,71
"","","68","68 Jahre",14,19,18,21,30,45,6,39,6,6,51
"","","69","69 Jahre",37,26,16,30,49,73,6,64,9,6,79
"","","70","70 Jahre",21,29,16,37,29,61,5,56,5,5,66
"","","71","71 Jahre",27,17,13,26,31,54,3,52,2,3,57
"","","72","72 Jahre",22,12,17,29,22,45,6,43,2,6,51
"","","73","73 Jahre",14,5,5,13,11,22,2,18,4,2,24
"","","74","74 Jahre",35,15,12,34,28,58,4,49,9,4,62
"","","75","75 Jahre",24,10,13,23,24,44,3,38,6,3,47
"","","76","76 Jahre",27,14,8,20,29,49,"0",40,9,"0",49
"","","77","77 Jahre",25,14,6,18,27,42,3,39,3,3,45
"","","78","78 Jahre",42,20,14,33,43,70,6,60,10,6,76
"","","79","79 Jahre",25,14,9,21,27,48,"0",36,12,"0",48
"","","80","80 Jahre",24,12,9,17,28,43,2,37,6,2,45
"","","81","81 Jahre",21,18,4,25,18,41,2,33,8,2,43
"","","82","82 Jahre",18,9,6,21,12,32,1,29,3,1,33
"","","83","83 Jahre",20,12,1,15,18,31,2,25,6,2,33
"","","84","84 Jahre",13,4,1,8,10,18,"0",14,4,"0",18
"","","85","85 Jahre",8,7,1,10,6,16,"0",12,4,"0",16
"","","86","86 Jahre",9,5,3,5,12,17,"0",11,6,"0",17
"","","87","87 Jahre",11,8,"0",4,15,19,"0",15,4,"0",19
"","","88","88 Jahre",10,4,1,8,7,15,"0",13,2,"0",15
"","","89","89 Jahre",7,5,"0",6,6,12,"0",8,4,"0",12
"","","90","90 Jahre",7,1,1,1,8,9,"0",7,2,"0",9
"","","91","91 Jahre",3,3,"0",3,3,6,"0",5,1,"0",6
"","","92","92 Jahre",3,1,"0",2,2,4,"0",4,"0","0",4
"","","93","93 Jahre",2,2,"0",2,2,4,"0",3,1,"0",4
"","","94","94 Jahre",2,2,"0",1,3,4,"0",4,"0","0",4
"","","95","95 Jahre",2,"0","0","0",2,2,"0",2,"0","0",2
"","","96","96 Jahre",1,"0",1,"0",2,2,"0",1,1,"0",2
"","","99","99 Jahre oder �lter","0",1,"0","0",1,1,"0",1,"0","0",1
"","","Summe","",1.912,1.363,1.834,2.569,2.540,4.394,715,3.349,1.045,715,5.109
"010","Horkheim","00","0 Jahre",3,1,26,17,13,26,4,14,12,4,30
"","","01","1 Jahr",8,1,23,10,22,32,"0",16,16,"0",32
"","","02","2 Jahre",4,1,25,17,13,26,4,14,12,4,30
"","","03","3 Jahre",10,3,29,20,22,37,5,19,18,5,42
"","","04","4 Jahre",12,2,16,23,7,27,3,17,10,3,30
"","","05","5 Jahre",13,11,15,28,11,36,3,23,13,3,39
"","","06","6 Jahre",11,4,18,17,16,31,2,18,13,2,33
"","","07","7 Jahre",16,5,18,18,21,37,2,14,23,2,39
"","","08","8 Jahre",11,8,15,25,9,33,1,18,15,1,34
"","","09","9 Jahre",12,5,16,17,16,29,4,13,16,4,33
"","","10","10 Jahre",12,4,18,15,19,32,2,15,17,2,34
"","","11","11 Jahre",12,4,11,20,7,24,3,14,10,3,27
"","","12","12 Jahre",12,11,8,16,15,30,1,12,18,1,31
"","","13","13 Jahre",16,7,13,18,18,35,1,19,16,1,36
"","","14","14 Jahre",13,3,12,16,12,26,2,18,8,2,28
"","","15","15 Jahre",10,14,8,15,17,30,2,17,13,2,32
"","","16","16 Jahre",15,4,14,10,23,32,1,20,12,1,33
"","","17","17 Jahre",14,7,11,15,17,31,1,22,9,1,32
"","","18","18 Jahre",22,2,10,17,17,34,"0",27,7,"0",34
"","","19","19 Jahre",20,5,10,17,18,31,4,25,6,4,35
"","","20","20 Jahre",18,9,17,23,21,38,6,34,4,6,44
"","","21","21 Jahre",21,9,12,18,24,34,8,27,7,8,42
"","","22","22 Jahre",18,13,12,20,23,37,6,31,6,6,43
"","","23","23 Jahre",12,7,15,21,13,26,8,20,6,8,34
"","","24","24 Jahre",16,10,10,15,21,31,5,26,5,5,36
"","","25","25 Jahre",19,6,12,15,22,36,1,30,6,1,37
"","","26","26 Jahre",19,11,22,25,27,44,8,35,9,8,52
"","","27","27 Jahre",18,10,13,19,22,35,6,27,8,6,41
"","","28","28 Jahre",22,16,30,32,36,61,7,45,16,7,68
"","","29","29 Jahre",16,13,26,25,30,41,14,30,11,14,55
"","","30","30 Jahre",20,11,29,32,28,49,11,30,19,11,60
"","","31","31 Jahre",15,9,15,19,20,30,9,23,7,9,39
"","","32","32 Jahre",15,11,16,28,14,36,6,28,8,6,42
"","","33","33 Jahre",15,10,19,20,24,40,4,37,3,4,44
"","","34","34 Jahre",25,12,19,27,29,46,10,32,14,10,56
"","","35","35 Jahre",25,8,17,28,22,46,4,36,10,4,50
"","","36","36 Jahre",16,9,17,20,22,36,6,28,8,6,42
"","","37","37 Jahre",16,7,22,21,24,37,8,25,12,8,45
"","","38","38 Jahre",21,11,26,28,30,47,11,31,16,11,58
"","","39","39 Jahre",21,7,23,29,22,47,4,38,9,4,51
"","","40","40 Jahre",12,7,25,21,23,36,8,22,14,8,44
"","","41","41 Jahre",16,8,24,29,19,39,9,28,11,9,48
"","","42","42 Jahre",19,11,21,23,28,43,8,29,14,8,51
"","","43","43 Jahre",13,9,29,21,30,36,15,27,9,15,51
"","","44","44 Jahre",11,12,24,27,20,37,10,29,8,10,47
"","","45","45 Jahre",24,12,12,20,28,39,9,32,7,9,48
"","","46","46 Jahre",17,12,24,27,26,44,9,39,5,9,53
"","","47","47 Jahre",24,9,25,28,30,44,14,37,7,14,58
"","","48","48 Jahre",24,10,23,29,28,53,4,39,14,4,57
"","","49","49 Jahre",19,16,39,35,39,63,11,57,6,11,74
"","","50","50 Jahre",24,10,34,31,37,62,6,55,7,6,68
"","","51","51 Jahre",14,11,22,26,21,39,8,35,4,8,47
"","","52","52 Jahre",27,17,37,49,32,73,8,65,8,8,81
"","","53","53 Jahre",24,16,28,36,32,64,4,56,8,4,68
"","","54","54 Jahre",33,13,38,41,43,77,7,64,13,7,84
"","","55","55 Jahre",33,16,24,38,35,63,10,51,12,10,73
"","","56","56 Jahre",40,11,32,48,35,79,4,70,9,4,83
"","","57","57 Jahre",33,18,23,28,46,69,5,59,10,5,74
"","","58","58 Jahre",26,12,25,31,32,60,3,53,7,3,63
"","","59","59 Jahre",23,13,29,36,29,59,6,48,11,6,65
"","","60","60 Jahre",28,13,29,26,44,65,5,58,7,5,70
"","","61","61 Jahre",29,13,22,28,36,60,4,54,6,4,64
"","","62","62 Jahre",24,12,15,28,23,47,4,42,5,4,51
"","","63","63 Jahre",26,14,13,21,32,50,3,41,9,3,53
"","","64","64 Jahre",21,6,17,28,16,42,2,38,4,2,44
"","","65","65 Jahre",25,4,20,19,30,46,3,36,10,3,49
"","","66","66 Jahre",20,7,11,14,24,36,2,29,7,2,38
"","","67","67 Jahre",29,8,16,26,27,50,3,40,10,3,53
"","","68","68 Jahre",31,12,14,20,37,52,5,49,3,5,57
"","","69","69 Jahre",22,11,15,19,29,42,6,38,4,6,48
"","","70","70 Jahre",22,12,20,19,35,46,8,40,6,8,54
"","","71","71 Jahre",25,11,17,27,26,51,2,48,3,2,53
"","","72","72 Jahre",23,14,11,27,21,43,5,40,3,5,48
"","","73","73 Jahre",15,6,10,16,15,30,1,27,3,1,31
"","","74","74 Jahre",28,8,11,21,26,44,3,41,3,3,47
"","","75","75 Jahre",18,12,9,17,22,37,2,30,7,2,39
"","","76","76 Jahre",21,10,14,19,26,42,3,35,7,3,45
"","","77","77 Jahre",30,11,10,20,31,47,4,41,6,4,51
"","","78","78 Jahre",23,12,9,20,24,42,2,35,7,2,44
"","","79","79 Jahre",19,9,3,15,16,30,1,27,3,1,31
"","","80","80 Jahre",16,8,7,17,14,29,2,26,3,2,31
"","","81","81 Jahre",18,8,3,15,14,29,"0",26,3,"0",29
"","","82","82 Jahre",15,4,3,5,17,22,"0",19,3,"0",22
"","","83","83 Jahre",12,8,6,14,12,26,"0",22,4,"0",26
"","","84","84 Jahre",14,5,4,3,20,23,"0",21,2,"0",23
"","","85","85 Jahre",13,4,3,7,13,20,"0",19,1,"0",20
"","","86","86 Jahre",8,3,1,5,7,11,1,10,1,1,12
"","","87","87 Jahre",8,3,2,4,9,12,1,9,3,1,13
"","","88","88 Jahre",9,1,"0",5,5,10,"0",8,2,"0",10
"","","89","89 Jahre",4,2,3,4,5,7,2,6,1,2,9
"","","90","90 Jahre",1,1,"0","0",2,2,"0",2,"0","0",2
"","","91","91 Jahre",3,2,"0",2,3,5,"0",4,1,"0",5
"","","92","92 Jahre",3,"0",2,"0",5,5,"0",3,2,"0",5
"","","93","93 Jahre",1,1,"0","0",2,2,"0",2,"0","0",2
"","","94","94 Jahre",4,"0",1,1,4,5,"0",4,1,"0",5
"","","98","98 Jahre",1,"0","0","0",1,1,"0",1,"0","0",1
"","","Summe","",1.679,799,1.547,1.952,2.073,3.606,419,2.834,772,419,4.025
"Gesamt","","00","0 Jahre",57,48,1.209,668,646,1.071,243,389,682,243,1.314
"","","01","1 Jahr",143,129,1.071,650,693,1.091,252,358,733,252,1.343
"","","02","2 Jahre",195,142,998,696,639,1.100,235,384,716,235,1.335
"","","03","3 Jahre",175,145,918,628,610,998,240,315,683,240,1.238
"","","04","4 Jahre",192,169,830,652,539,950,241,321,629,241,1.191
"","","05","5 Jahre",214,187,851,662,590,1.034,218,328,706,218,1.252
"","","06","6 Jahre",208,189,780,590,587,973,204,294,679,204,1.177
"","","07","7 Jahre",248,172,754,600,574,953,221,306,647,221,1.174
"","","08","8 Jahre",205,188,757,593,557,926,224,281,645,224,1.150
"","","09","9 Jahre",231,239,751,621,600,958,263,294,664,263,1.221
"","","10","10 Jahre",245,199,728,631,541,952,220,307,645,220,1.172
"","","11","11 Jahre",258,210,754,621,601,1.020,202,326,694,202,1.222
"","","12","12 Jahre",233,240,721,602,592,984,210,306,678,210,1.194
"","","13","13 Jahre",285,206,686,596,581,968,209,367,601,209,1.177
"","","14","14 Jahre",272,205,696,641,532,972,201,328,644,201,1.173
"","","15","15 Jahre",336,214,667,633,584,1.000,217,378,622,217,1.217
"","","16","16 Jahre",340,197,682,603,616,992,227,375,617,227,1.219
"","","17","17 Jahre",332,235,609,606,570,954,222,399,555,222,1.176
"","","18","18 Jahre",346,239,688,688,585,1.005,268,542,463,268,1.273
"","","19","19 Jahre",397,290,718,762,643,955,450,600,355,450,1.405
"","","20","20 Jahre",408,336,791,818,717,1.029,506,665,364,506,1.535
"","","21","21 Jahre",435,377,858,862,808,1.060,610,693,367,610,1.670
"","","22","22 Jahre",442,358,869,857,812,1.083,586,710,373,586,1.669
"","","23","23 Jahre",456,329,927,946,766,1.067,645,727,340,645,1.712
"","","24","24 Jahre",494,347,940,954,827,1.115,666,748,367,666,1.781
"","","25","25 Jahre",448,381,1.075,1.019,885,1.203,701,847,356,701,1.904
"","","26","26 Jahre",461,418,1.063,1.030,912,1.210,732,821,389,732,1.942
"","","27","27 Jahre",491,416,1.132,1.112,927,1.270,769,851,419,769,2.039
"","","28","28 Jahre",492,417,1.251,1.139,1.021,1.311,849,907,404,849,2.160
"","","29","29 Jahre",470,415,1.189,1.114,960,1.242,832,856,386,832,2.074
"","","30","30 Jahre",443,426,1.182,1.135,916,1.262,789,854,408,789,2.051
"","","31","31 Jahre",468,408,1.185,1.117,944,1.247,814,836,411,814,2.061
"","","32","32 Jahre",428,419,1.110,1.030,927,1.242,715,796,446,715,1.957
"","","33","33 Jahre",404,359,1.127,1.036,854,1.138,752,733,405,752,1.890
"","","34","34 Jahre",428,361,1.065,988,866,1.126,728,716,410,728,1.854
"","","35","35 Jahre",362,343,1.023,912,816,1.070,658,689,381,658,1.728
"","","36","36 Jahre",381,328,1.040,889,860,1.079,670,651,428,670,1.749
"","","37","37 Jahre",384,328,1.062,930,844,1.079,695,677,402,695,1.774
"","","38","38 Jahre",379,337,1.056,933,839,1.081,691,676,405,691,1.772
"","","39","39 Jahre",333,356,1.045,892,842,1.059,675,617,442,675,1.734
"","","40","40 Jahre",363,314,947,857,767,988,636,564,424,636,1.624
"","","41","41 Jahre",348,323,981,876,776,998,654,596,402,654,1.652
"","","42","42 Jahre",324,307,928,807,752,890,669,535,355,669,1.559
"","","43","43 Jahre",332,269,1.003,845,759,937,667,576,361,667,1.604
"","","44","44 Jahre",334,316,986,830,806,934,702,539,395,702,1.636
"","","45","45 Jahre",342,322,974,879,759,965,673,607,358,673,1.638
"","","46","46 Jahre",369,355,943,855,812,1.045,622,662,383,622,1.667
"","","47","47 Jahre",410,355,925,886,804,1.091,599,738,353,599,1.690
"","","48","48 Jahre",431,344,985,913,847,1.215,545,801,414,545,1.760
"","","49","49 Jahre",446,398,997,994,847,1.206,635,866,340,635,1.841
"","","50","50 Jahre",471,382,987,961,879,1.290,550,897,393,550,1.840
"","","51","51 Jahre",497,418,917,921,911,1.311,521,967,344,521,1.832
"","","52","52 Jahre",492,420,954,983,883,1.369,497,1.009,360,497,1.866
"","","53","53 Jahre",493,405,910,957,851,1.325,483,991,334,483,1.808
"","","54","54 Jahre",536,427,937,970,930,1.445,455,1.079,366,455,1.900
"","","55","55 Jahre",503,439,842,944,840,1.397,387,1.040,357,387,1.784
"","","56","56 Jahre",546,409,832,925,862,1.424,363,1.045,379,363,1.787
"","","57","57 Jahre",555,411,814,879,901,1.433,347,1.037,396,347,1.780
"","","58","58 Jahre",502,408,787,821,876,1.385,312,976,409,312,1.697
"","","59","59 Jahre",513,401,730,834,810,1.350,294,961,389,294,1.644
"","","60","60 Jahre",542,392,651,789,796,1.305,280,908,397,280,1.585
"","","61","61 Jahre",501,355,663,735,784,1.283,236,883,400,236,1.519
"","","62","62 Jahre",489,341,605,722,713,1.188,247,842,346,247,1.435
"","","63","63 Jahre",487,344,608,692,747,1.200,239,839,361,239,1.439
"","","64","64 Jahre",486,323,529,638,700,1.108,230,775,333,230,1.338
"","","65","65 Jahre",421,327,533,583,698,1.066,215,744,322,215,1.281
"","","66","66 Jahre",438,331,514,568,715,1.075,208,755,320,208,1.283
"","","67","67 Jahre",470,311,473,569,685,1.069,185,768,301,185,1.254
"","","68","68 Jahre",419,287,511,533,684,1.002,215,733,269,215,1.217
"","","69","69 Jahre",471,309,467,548,699,1.033,214,811,222,214,1.247
"","","70","70 Jahre",394,311,418,528,595,900,223,762,138,223,1.123
"","","71","71 Jahre",444,243,393,514,566,892,188,763,129,188,1.080
"","","72","72 Jahre",393,230,360,467,516,791,192,695,96,192,983
"","","73","73 Jahre",332,196,320,368,480,684,164,548,136,164,848
"","","74","74 Jahre",463,251,333,497,550,899,148,712,187,148,1.047
"","","75","75 Jahre",411,290,334,415,620,893,142,698,195,142,1.035
"","","76","76 Jahre",476,250,300,462,564,904,122,707,197,122,1.026
"","","77","77 Jahre",537,299,321,512,645,1.022,135,790,232,135,1.157
"","","78","78 Jahre",629,339,334,569,733,1.160,142,913,247,142,1.302
"","","79","79 Jahre",570,332,266,502,666,1.075,93,845,230,93,1.168
"","","80","80 Jahre",531,280,254,462,603,971,94,764,207,94,1.065
"","","81","81 Jahre",564,266,219,430,619,957,92,734,223,92,1.049
"","","82","82 Jahre",526,223,175,384,540,869,55,683,186,55,924
"","","83","83 Jahre",464,238,161,356,507,806,57,641,165,57,863
"","","84","84 Jahre",326,180,130,250,386,595,41,459,136,41,636
"","","85","85 Jahre",282,167,119,222,346,522,46,411,111,46,568
"","","86","86 Jahre",253,161,76,171,319,458,32,334,124,32,490
"","","87","87 Jahre",240,122,53,130,285,398,17,299,99,17,415
"","","88","88 Jahre",255,107,54,152,264,402,14,318,84,14,416
"","","89","89 Jahre",186,90,44,114,206,308,12,237,71,12,320
"","","90","90 Jahre",180,88,36,98,206,293,11,238,55,11,304
"","","91","91 Jahre",115,63,25,64,139,198,5,154,44,5,203
"","","92","92 Jahre",106,58,31,61,134,194,1,151,43,1,195
"","","93","93 Jahre",80,44,9,24,109,133,"0",110,23,"0",133
"","","94","94 Jahre",73,25,20,30,88,113,5,99,14,5,118
"","","95","95 Jahre",49,25,14,19,69,84,4,74,10,4,88
"","","96","96 Jahre",36,17,6,13,46,59,"0",45,14,"0",59
"","","97","97 Jahre",28,8,4,9,31,40,"0",36,4,"0",40
"","","98","98 Jahre",21,13,2,6,30,34,2,31,3,2,36
"","","99","99 Jahre oder �lter",23,9,3,6,29,35,"0",31,4,"0",35
"","","Gesamt","",36.037,26.970,65.605,64.605,64.007,94.845,33.767,60.094,34.751,33.767,128.612
